step,total_steps,loss,reward_mean,human_probability_mean,length_score_mean,response_words_mean,tokens_per_second,zero_advantage
1,100,0.0,0.0,0.0,0.6688565400843882,252.75,44.13490865571261,True
2,100,0.0,0.0,0.0,0.6254201711749788,271.75,56.14264204416041,True
3,100,0.0,0.0,0.0,0.6580960710063914,225.0,51.95247799526244,True
4,100,-10.305065155029297,0.007441406249999999,0.0126953125,0.651,162.75,75.32127397728804,False
5,100,0.4168891906738281,0.13426953125000002,0.248046875,0.509,127.25,56.349177737630164,False
6,100,9.041313171386719,0.1854641025341244,0.7498841285705566,0.24157833319992084,761.25,32.48740482185084,False
7,100,21.462646484375,0.23934646606445312,0.9960155487060547,0.24,60.0,40.247680219026826,False
8,100,-11.627254486083984,0.5671695515671467,0.9993901252746582,0.5676436122031618,773.5,35.81167672573097,False
9,100,31.30952262878418,0.3470842005508261,0.999018669128418,0.3474203338391502,404.5,19.53402191215045,False
10,100,26.45269012451172,0.4983985173999242,0.9992997646331787,0.4988461276297852,760.0,34.25140329588568,False
11,100,43.5311393737793,0.489778980255127,0.9994826316833496,0.49,122.5,50.0376183366115,False
12,100,23.535505294799805,0.6928851532882033,0.9988298416137695,0.6937233560090703,248.25,46.25872431260268,False
13,100,9.194160461425781,0.8789250869170795,0.9991626739501953,0.8796425855513308,226.25,75.29679711291179,False
14,100,-16.239364624023438,0.36747643016821513,0.9981708526611328,0.3680917284992723,1072.75,47.998359514242864,False
15,100,-7.170623779296875,0.3899507425214259,0.9780292510986328,0.394511493341044,755.0,36.55880829091389,False
16,100,-15.569217681884766,0.5253839153296607,0.9961376190185547,0.5283561798824957,773.0,35.64213286927071,False
17,100,8.49688720703125,0.27007121128691974,0.9989614486694336,0.2703637392783035,996.75,46.441317423054464,False
18,100,-4.653713226318359,0.6343996394811637,0.9391632080078125,0.6633105802047782,185.75,46.86572511942834,False
19,100,66.41156005859375,0.647980859988581,0.9974985122680664,0.6495301898537194,279.25,52.824465351942514,False
20,100,95.78598022460938,0.5922050272708753,0.9983015060424805,0.5930301003344481,170.75,54.588948824997054,False
21,100,16.269926071166992,0.31472114797288475,0.9994602203369141,0.3148982720362474,694.5,33.270337373931774,False
22,100,-1.1234016418457031,0.632252670288086,0.9852828979492188,0.643,160.75,65.2399271704726,False
23,100,-18.65069580078125,0.7609446411132812,0.9987144470214844,0.762,190.5,67.64172291663951,False
24,100,19.76035499572754,0.6959365940436049,0.9989414215087891,0.6968104625521401,197.5,56.93206045537153,False
25,100,13.714424133300781,0.7260913593893443,0.9975433349609375,0.7276917314907974,288.5,53.48884340120591,False
26,100,-27.32228660583496,0.6287271137160233,0.9978418350219727,0.6299975276294477,421.0,62.20461139515107,False
27,100,-13.321037292480469,0.5450804790333166,0.998570442199707,0.5459416016703562,643.25,30.369585426315172,False
28,100,-0.21683120727539062,0.7166894258963895,0.9985618591308594,0.7176389451664442,401.0,50.37952577227849,False
29,100,28.697309494018555,0.40052051858918514,0.998499870300293,0.4011632030747886,762.75,35.04452316604672,False
30,100,-9.668439865112305,0.5942390864133857,0.9992456436157227,0.5947089767229714,446.5,64.3262391435116,False
31,100,-34.104148864746094,0.654043951680982,0.999359130859375,0.6544767480584668,483.25,31.167545308938866,False
32,100,-3.260989189147949,0.7635485960289283,0.9985027313232422,0.7646334876543209,285.0,63.81522994541296,False
33,100,-2.2116079330444336,0.8471991582063734,0.9994230270385742,0.8476830732292917,234.75,68.7421774326134,False
34,100,-1.7143077850341797,0.7686075048021745,0.9994120597839355,0.7690740598994272,347.25,66.50687382410003,False
35,100,-11.839771270751953,0.7965991115570068,0.9994978904724121,0.7969999999999999,199.25,76.66491231391754,False
36,100,-8.06253433227539,0.7362990232541994,0.999420166015625,0.7367249825550761,198.75,66.08938896560782,False
37,100,15.41586971282959,0.7540641983981866,0.9994640350341797,0.7544666628777784,248.75,56.52880927217213,False
38,100,25.221054077148438,0.7875179333180298,0.9994778633117676,0.787937728937729,208.0,58.22079196217307,False
39,100,9.859600067138672,0.5688997483388348,0.9993400573730469,0.5692677561282212,263.75,47.11263159110211,False
40,100,15.519519805908203,0.7135311380594946,0.9995641708374023,0.7138435034622356,347.5,69.37017795552289,False
41,100,-0.6926212310791016,0.7165989927012161,0.9993653297424316,0.7170454251242933,359.5,60.77496037139163,False
42,100,-2.3091468811035156,0.7470132959927605,0.9994702339172363,0.7474260591414986,500.25,24.93842277867519,False
43,100,2.854419708251953,0.6953701661465991,0.9994087219238281,0.6957892255445367,389.75,60.44829254186822,False
44,100,24.0375919342041,0.6097604028926873,0.9994316101074219,0.6100993788819876,184.5,55.61378082663679,False
45,100,-16.37541961669922,0.8072400471013956,0.9994549751281738,0.8076805111821086,230.25,64.60239196145346,False
46,100,-28.20807647705078,0.797710723414718,0.9993433952331543,0.7982492273747084,317.5,61.22579606539121,False
47,100,2.3862924575805664,0.658339471492397,0.9994711875915527,0.6586826740621807,328.75,50.65497899610969,False
48,100,5.448879241943359,0.678263622946312,0.999394416809082,0.6786937359722506,260.75,61.050602410979344,False
49,100,4.518945217132568,0.46060861587524415,0.9991598129272461,0.46099999999999997,115.25,65.67157387596542,False
50,100,8.510038375854492,0.5216168441772461,0.9992837905883789,0.522,130.5,55.841998633177255,False
51,100,7.321056365966797,0.7506980697290221,0.9992666244506836,0.7512089552238806,196.5,65.70874529488107,False
52,100,-5.125637054443359,0.7964953660058344,0.9990425109863281,0.7972428800641796,258.75,63.6763851164515,False
53,100,-28.927791595458984,0.7306006371176026,0.9993977546691895,0.7310813268175144,352.75,69.17609174534144,False
54,100,6.040565490722656,0.6991317845902285,0.9994020462036133,0.6995548158980899,367.25,66.3604515056203,False
55,100,1.4629230499267578,0.8292178361531763,0.9987478256225586,0.8303154321735968,305.5,54.92538429591973,False
56,100,9.983864784240723,0.7558546498063148,0.9989223480224609,0.7566430702841666,231.0,65.22840172504618,False
57,100,11.53970718383789,0.7048960472742717,0.9982128143310547,0.7060138888888889,194.25,57.471618003047226,False
58,100,7.660614013671875,0.6971231155395508,0.9970302581787109,0.6990000000000001,174.75,70.90236092881334,False
59,100,5.415740966796875,0.7271136779785157,0.9986667633056641,0.728,182.0,70.13952794428964,False
60,100,-18.54243278503418,0.7767949521482639,0.9990472793579102,0.7775406035915993,299.5,66.8735133222238,False
