step,total_steps,loss,reward_mean,human_probability_mean,length_score_mean,response_words_mean,tokens_per_second,zero_advantage,repetition_score
1,60,0.0,0.0,0.0,0.6688565400843882,252.75,58.08717443114147,True,0.9769789656506582
2,60,0.0,0.0,0.0,0.6254201711749788,271.75,74.00653572419394,True,0.979622397131187
3,60,0.0,0.0,0.0,0.6580960710063914,225.0,68.29549419424296,True,0.983015873015873
4,60,-10.266937255859375,0.006771962399396377,0.0126953125,0.651,162.75,94.6388724254473,False,0.9682092555331991
5,60,-3.4773311614990234,0.11787700196496786,0.248046875,0.509,127.25,68.97152765864995,False,0.9235492966286685
6,60,-1.25579833984375,0.10763087362861516,0.7655091285705566,0.35757833319992083,790.25,59.07552480124436,False,0.39784910106174176
7,60,74.8442611694336,0.34795434264785846,0.9989328384399414,0.4280138888888889,124.75,49.337519655432374,False,0.8890007617542919
8,60,20.54322624206543,0.23204578827355993,0.7467193603515625,0.34,85.0,47.768365665918644,False,0.7963633209990749
9,60,33.34831237792969,0.4623919009483253,0.9992713928222656,0.6462321302193913,503.75,40.03259095319035,False,0.6155332451825168
10,60,14.789284706115723,0.30562285946282697,0.9761753082275391,0.6214269081500647,531.75,38.454112144033196,False,0.423587008833537
11,60,13.82862663269043,0.36582814048802376,0.9988822937011719,0.5972629757785467,167.5,62.150617818385214,False,0.6504464718686382
12,60,15.900663375854492,0.4738197996782022,0.9989128112792969,0.8222089552238806,214.25,91.02638142536112,False,0.5788318231261415
13,60,-17.785255432128906,0.057176368024246936,0.9994635581970215,0.29786301102097795,1153.5,85.3366716813096,False,0.12094797650843447
14,60,-9.986305236816406,0.4288090614875271,0.9985294342041016,0.6866451835767864,305.0,56.769852152727815,False,0.6016782900929243
15,60,-21.369125366210938,0.34025961014228784,0.9987030029296875,0.6007204374572795,505.25,38.24938558221972,False,0.5208542463390332
16,60,21.216432571411133,0.3173301141034739,0.9971771240234375,0.46915895953757225,452.0,35.74283417280177,False,0.5607818480689956
17,60,9.051061630249023,0.32908195242198107,0.9978179931640625,0.509,127.25,74.23662726585962,False,0.7217164934654312
18,60,38.11778259277344,0.47234543885713576,0.998570442199707,0.658,164.5,55.85486801549791,False,0.7427791178717458
19,60,21.581321716308594,0.43236487185545247,0.9988822937011719,0.6847794117647059,181.75,59.65695790496397,False,0.6982213359116912
20,60,-5.870647430419922,0.7388595213363507,0.9975719451904297,0.9335496183206107,239.25,77.65367224622095,False,0.7941609982382515
21,60,17.22231674194336,0.525186089034533,0.9986991882324219,0.6531906614785992,166.75,57.35550976241764,False,0.845822531929031
22,60,-4.375646591186523,0.4536200785050183,0.9992241859436035,0.7191616985416994,505.5,33.64307926177649,False,0.548534088641202
23,60,-13.605606079101562,0.5764440734307328,0.9991588592529297,0.7478086747925311,278.0,65.31005933535174,False,0.7694285603845632
24,60,-51.26060104370117,0.2606361705176246,0.9988675117492676,0.5109384977786272,669.0,53.98745074334738,False,0.4473653116779397
25,60,-61.067996978759766,0.3863434645795209,0.9988365173339844,0.5699917702489607,502.5,73.41340843717043,False,0.6128958191703927
26,60,8.430341720581055,0.38645096064817563,0.9991416931152344,0.5878050511674218,630.25,49.59349059754421,False,0.5163561924998595
27,60,7.609506607055664,0.36426294385378816,0.9992694854736328,0.46480480230319265,814.75,61.171177905332456,False,0.5080867081234559
28,60,12.123054504394531,0.5700278870682509,0.9990558624267578,0.7946805111821087,227.0,78.64680516466456,False,0.7298067153169645
29,60,12.158430099487305,0.5871003852015609,0.970433235168457,0.6950000000000001,173.75,82.38831665818259,False,0.8753525715925858
30,60,8.129959106445312,0.6582422956490095,0.9858970642089844,0.727,181.75,97.42597893340572,False,0.9125246486829875
31,60,2.771991729736328,0.38782505910836695,0.9984502792358398,0.4577540263543192,444.5,35.22415153708654,False,0.7270596041414572
32,60,12.70807933807373,0.4566198138575066,0.75152587890625,0.7040980392156863,178.5,78.22604951210711,False,0.8301410915992415
33,60,12.27470588684082,0.5363280438242957,0.9983444213867188,0.6840039840637451,171.5,73.7906569056337,False,0.827105499921765
34,60,13.651559829711914,0.4509759002117417,0.9990501403808594,0.7566426651305683,235.0,85.67039180272467,False,0.6436558441558441
35,60,5.3775177001953125,0.5817521718347072,0.9992294311523438,0.8661528195389566,240.75,92.95514435464166,False,0.6857091718102446
36,60,6.984500885009766,0.4860149859834115,0.9987392425537109,0.7,175.0,95.21093861293032,False,0.7065474880196139
37,60,5.8493146896362305,0.5648087810975924,0.9991617202758789,0.859,214.75,92.81434628655082,False,0.6590115109457882
38,60,4.230777740478516,0.5773131436695444,0.9982051849365234,0.739,184.75,92.94901840769155,False,0.7841941040719391
39,60,5.069811820983887,0.4951766559161918,0.9993038177490234,0.876632015324356,233.25,95.63621229394599,False,0.571132163970406
40,60,6.106011867523193,0.5092403520402744,0.9990367889404297,0.7495314685314685,204.25,77.56635960634279,False,0.6915966483728022
41,60,4.087253570556641,0.5186002397740754,0.9991617202758789,0.715,178.75,78.70818565193628,False,0.7528148683976192
42,60,0.8392581939697266,0.4541912886139291,0.9993057250976562,0.666,166.5,87.01643388328294,False,0.6881870022096661
43,60,0.9383339881896973,0.5386803032579945,0.9993863105773926,0.72,180.0,93.93903091183454,False,0.7521237310488265
44,60,1.5930776596069336,0.5372918925464039,0.9993448257446289,0.8750201171377642,247.5,86.60342659131068,False,0.6107565556929988
45,60,0.4421825408935547,0.4396917732296876,0.9993734359741211,0.7864463807337168,266.5,95.1174889344124,False,0.5652484988228318
46,60,1.864274501800537,0.472141257696738,0.9995989799499512,0.7985462702436468,316.75,97.59681174707339,False,0.5801235124405856
47,60,0.9333574771881104,0.5057374624118185,0.999457836151123,0.7210629921259842,182.25,74.16577123520214,False,0.7397749566051051
48,60,-7.006634712219238,0.5651408079046437,0.998967170715332,0.830877211700898,282.25,78.26030184296653,False,0.6638040270755552
49,60,-1.660238265991211,0.6574403163571231,0.9989891052246094,0.871,217.75,96.39441866955562,False,0.7634880025157069
50,60,6.732251167297363,0.6229976738653686,0.9994630813598633,0.7864868887447231,264.25,80.571584916397,False,0.7835037325087965
51,60,-0.13770484924316406,0.6534419247830727,0.9995956420898438,0.9358097529255783,262.0,99.35412686108337,False,0.6999600480069625
52,60,16.259113311767578,0.5282772393507915,0.9995465278625488,0.7992334961576193,228.0,88.12534548894152,False,0.63243731979072
53,60,1.2852821350097656,0.6136128114842451,0.9995431900024414,0.8665120772946859,277.75,92.65439599776148,False,0.7008688384167536
54,60,-7.305197715759277,0.6653040679940433,0.9995713233947754,0.8766111111111111,265.75,81.02838892382826,False,0.7534777115388076
55,60,4.196695327758789,0.6069506475856107,0.9994802474975586,0.777,194.25,95.89050887578819,False,0.7831831152522564
56,60,14.475688934326172,0.5295606701950872,0.9995832443237305,0.7951813898704359,237.25,86.20406477727452,False,0.6775655753400108
57,60,2.6093950271606445,0.6346733602311359,0.9996123313903809,0.9289767429326004,253.75,97.94663535332765,False,0.6832241049037929
58,60,2.6455087661743164,0.7419641170228862,0.9993400573730469,0.9433127413127413,240.25,100.89534477071253,False,0.7864474746699133
59,60,4.143506050109863,0.7021842007722544,0.9995145797729492,0.8892317573690102,245.25,91.26885515949508,False,0.7902242729609368
60,60,-1.7867202758789062,0.6959127074132033,0.9983158111572266,0.919140625,232.75,94.7741477523496,False,0.7625003734965136
