step_first,step_last,rollouts,reward_train,human_train,human_train_fp32,reward_fp32,p_ai_exactly_one_frac,word_count,length_score,abs_word_error,distinct_3gram,distinct_texts_per_group,identical_group_frac,empty_frac,cap_hit_frac,zero_adv_frac,stepped_frac,grad_norm_preclip,moved_since_start,mean_abs_dw,step_seconds,ai_held_out,human_held_out,base_logprob
1,50,200,0.6289523025273452,0.9139717626571655,0.9140029347380915,0.6289716495809393,0.06,104.81,0.6772725844863718,35.69,0.7853225993517505,4.0,0.0,0.0,0.735,0.0,1.0,1539.68,0.10565999895334244,5.202724423725158e-06,6.551019265316427,0.18331449432789065,0.8166855056721093,-1.433853811919689
51,100,200,0.7590824978547007,0.998601360321045,0.9986014643469389,0.7590829278842628,0.0,88.845,0.7601363236729024,23.365,0.7807992138225636,4.0,0.0,0.0,0.88,0.0,1.0,2360.32,0.10619500279426575,6.857389053038787e-06,6.390425972528756,0.031560593283765884,0.9684394067162342,-1.4126783178001643
101,150,200,0.8095901228961334,0.9937312126159668,0.993723819538136,0.8095875353249424,0.0,92.135,0.8127250549668262,19.895,0.7235971176797571,4.0,0.0,0.0,0.905,0.0,1.0,2041.44,0.10655999928712845,7.80866957938997e-06,6.952020418867469,0.02733586702292522,0.9726641329770748,-1.2331565377116203
151,200,200,0.8425190150121443,0.993288230895996,0.9932914829708898,0.8425220530976464,0.0,81.59,0.8484350843494168,13.79,0.7386951612024102,4.0,0.0,0.0,1.0,0.0,1.0,2147.36,0.10657499730587006,8.23451227915939e-06,6.465527881272137,0.023528905850470117,0.9764710941495299,-1.221802269667387
201,250,200,0.8835580546551702,0.9986980533599854,0.9986997450717899,0.883559531403159,0.0,76.78,0.8847102762885277,9.51,0.5424098543273452,4.0,0.0,0.0,1.0,0.0,1.0,1235.2,0.1066799983382225,8.371729563805275e-06,6.323779534548521,0.018041680773387126,0.9819583192266128,-0.9848540352284908
251,300,200,0.8814205419196115,0.9985894107818604,0.9985903383726691,0.881421316820453,0.0,77.68,0.8826579575245261,10.04,0.5184441066411423,4.0,0.0,0.0,0.97,0.0,1.0,1738.88,0.10670000314712524,8.782030818110798e-06,6.314042099416256,0.026139121480169683,0.9738608785198304,-1.0485881061851978
301,350,200,0.8987280334900055,0.9988354063034057,0.9988361491404794,0.8987287207306508,0.0,79.82,0.8997681722151478,8.65,0.5786850270642361,4.0,0.0,0.0,0.995,0.0,1.0,1892.48,0.10689499974250793,9.264460459235124e-06,6.638498502485454,0.02214854267622132,0.9778514573237787,-1.076899447888136
351,400,200,0.8893174664344972,0.998394889831543,0.9983945979215787,0.8893172983018716,0.0,79.0,0.8907437891384218,9.32,0.5604630875484908,4.0,0.0,0.0,0.985,0.0,1.0,1711.68,0.10704000294208527,9.830208909988869e-06,6.5193868001550435,0.015780871643497084,0.9842191283565029,-1.0537712787091733
401,450,200,0.8808115659408218,0.9981158924102783,0.9981162534753821,0.8808118271227561,0.0,71.85,0.8824782035859827,9.35,0.48434566877434176,4.0,0.0,0.0,1.0,0.0,1.0,1043.2,0.10728999972343445,1.019725914375158e-05,6.256598486974835,0.015067144108630876,0.9849328558913691,-0.8307103264331818
451,500,200,0.8890528796286464,0.9981086826324463,0.9981069883213786,0.889051466789451,0.0,79.37,0.890715457838796,9.32,0.5729751802663547,4.0,0.0,0.0,1.0,0.0,1.0,1068.32,0.10757499933242798,1.0419666978123132e-05,6.368253429494798,0.019969714334005625,0.9800302856659944,-0.909270126670599
