step,total_steps,loss,reward_mean,human_probability_mean,length_score_mean,response_words_mean,tokens_per_second,zero_advantage,kl
1,60,0.0,0.0,0.0,0.6688565400843882,252.75,57.51130545631786,True,0.0
2,60,0.0,0.0,0.0,0.6254201711749788,271.75,72.38421326588883,True,0.0
3,60,0.0,0.0,0.0,0.6580960710063914,225.0,66.40241750570098,True,0.0
4,60,-10.305065155029297,0.007441406249999999,0.0126953125,0.651,162.75,91.52965889099993,False,0.0
5,60,0.3222999572753906,0.12987321819365025,0.248046875,0.509,127.25,67.02398867575253,False,0.08792626112699509
6,60,9.519901275634766,0.17921210051655187,0.7498841285705566,0.24157833319992084,761.25,55.23879922979016,False,0.12504004035145044
7,60,33.25968551635742,0.4109894857001462,0.9865875244140625,0.4392912423625254,200.75,44.665478119820904,False,0.4457911029458046
8,60,-2.846470832824707,0.31927844658506144,0.7524023056030273,0.5504592391304348,495.0,36.55709746073092,False,0.2697423859499395
9,60,9.31998062133789,0.48522358817234634,0.9984302520751953,0.4986428571428571,463.5,36.28751514300384,False,0.24828488938510418
10,60,-4.1584272384643555,0.44116446300596,0.9669685363769531,0.46900000000000003,117.25,73.65766725632207,False,0.33816032484173775
11,60,3.8929529190063477,0.584436261736856,0.9975547790527344,0.6025487804878049,185.0,59.68742815685637,False,0.3351034801453352
12,60,1.494929313659668,0.5557586694955825,0.9988279342651367,0.573,143.25,81.31333747970069,False,0.3317872881889343
13,60,5.855594635009766,0.4965063227569649,0.9988851547241211,0.514674767691208,467.25,36.00260856624893,False,0.351955228485167
14,60,7.620816230773926,0.2596376875038954,0.6543130874633789,0.46288422479893254,774.75,58.602569456404005,False,0.24898580182343721
15,60,-0.9127082824707031,0.45841553181409833,0.73919677734375,0.644,161.0,87.69123038322678,False,0.44989004731178284
16,60,2.8409423828125,0.7952089822310079,0.999018669128418,0.8129951874254934,250.0,84.51267783706062,False,0.3408959358930588
17,60,-14.317012786865234,0.5291945968895017,0.998988151550293,0.5387696727869216,744.25,60.5732571736896,False,0.17800923995673656
18,60,-7.4128923416137695,0.6752061789350675,0.9982328414916992,0.6865723220577872,338.5,85.75619433225128,False,0.20427954569458961
19,60,-5.529259204864502,0.4154886424291449,0.9994380474090576,0.4258070123273679,843.25,58.65724104034623,False,0.20017720106989145
20,60,-1.3970212936401367,0.3583057703867137,0.9985618591308594,0.36391906706556515,888.5,70.66504346207095,False,0.10025726351886988
21,60,3.730091094970703,0.4496757186291944,0.9990596771240234,0.45837031536258693,820.0,65.55335215113993,False,0.16206619329750538
22,60,-4.970254898071289,0.8135969442278147,0.9994678497314453,0.832,208.0,95.7681001957594,False,0.359223835170269
23,60,-14.165862083435059,0.2809806126009268,0.7640199661254883,0.41781647940074906,426.5,35.74667153593745,False,0.2753259278833866
24,60,3.3176584243774414,0.7218054643823136,0.99859619140625,0.7396317689530686,197.75,81.04863925799617,False,0.33601050078868866
25,60,7.91391658782959,0.5009904431402683,0.9179906845092773,0.601,150.25,64.4961677483761,False,0.5283893793821335
26,60,10.488241195678711,0.782585132047534,0.9993648529052734,0.804,201.0,85.72516116556494,False,0.4181593433022499
27,60,2.637038230895996,0.5833660839653977,0.9987878799438477,0.6003201087628229,506.25,38.94585148343403,False,0.3213915405794978
28,60,2.158740997314453,0.2908665611262157,0.9996118545532227,0.29755652461367244,1251.75,79.12496176843541,False,0.1298380745574832
29,60,1.4952392578125,0.4890082369076882,0.9986419677734375,0.5001811953744026,879.5,60.19720345585101,False,0.20311213098466396
30,60,4.251744747161865,0.6098491617143155,0.998992919921875,0.644,161.0,80.6317873869987,False,0.6697281152009964
31,60,-4.753812789916992,0.8354572728723287,0.998992919921875,0.862,215.5,91.81334722380163,False,0.513887532055378
32,60,4.732259750366211,0.6554179486678069,0.9991440773010254,0.6769062348751987,579.0,39.990924120623305,False,0.41599702648818493
33,60,-2.818136215209961,0.7348824517259661,0.9994049072265625,0.7566812926957436,305.0,75.04192921693513,False,0.4268290475010872
34,60,4.797618389129639,0.7346197718131482,0.9993047714233398,0.7523895767402512,357.25,71.95649053773016,False,0.3449244126677513
35,60,-3.1502580642700195,0.784698882827514,0.9979114532470703,0.8206425855513308,211.5,86.70952234268073,False,0.6852416098117828
36,60,2.275033950805664,0.8330040972674864,0.9995217323303223,0.8559770627013777,277.5,95.19086218585355,False,0.4512326344847679
37,60,2.1606783866882324,0.7192425455152989,0.9991731643676758,0.758,189.5,82.10982483005087,False,0.7630521506071091
38,60,5.624671936035156,0.6378302108198405,0.9981250762939453,0.67,167.5,81.6964660417569,False,0.6183811351656914
39,60,10.103506088256836,0.6691790017900994,0.9988269805908203,0.7070538243626062,220.75,69.32433310708801,False,0.7420307099819183
40,60,9.997554779052734,0.7120140092521906,0.9971828460693359,0.738,184.5,83.8697676546573,False,0.4747236296534538
41,60,4.420906066894531,0.5989326230527386,0.9977359771728516,0.6217830867256418,412.0,74.77507177675315,False,0.4282853752374649
42,60,-8.550973892211914,0.8407711071799125,0.9993629455566406,0.8608561608197025,292.75,92.17741071330789,False,0.3906982019543648
43,60,4.274465084075928,0.6858798833489418,0.9983968734741211,0.712,178.0,74.49886816491427,False,0.5013088881969452
44,60,1.2653131484985352,0.6520103475756815,0.9990129470825195,0.6767090120255578,374.0,95.99324464291291,False,0.48003413528203964
45,60,0.7250766754150391,0.6914911281129463,0.998896598815918,0.7103594627313793,363.25,94.09392994284302,False,0.36196988821029663
46,60,-0.2982759475708008,0.8041283756002093,0.9993772506713867,0.8271446953431776,310.75,92.14945543302638,False,0.4500076025724411
47,60,1.392195463180542,0.7739889561384916,0.9993524551391602,0.7993125,231.0,77.30070703274805,False,0.49641070514917374
48,60,-1.901543140411377,0.8112750831994892,0.9990167617797852,0.8284855201969594,290.5,78.79242727919305,False,0.3278455398976803
49,60,0.4204111099243164,0.7476227309200385,0.9987506866455078,0.7665182186234818,283.5,64.46336414612246,False,0.3574023060500622
50,60,-1.0234203338623047,0.6674956864054282,0.9990558624267578,0.6830189271243841,375.75,92.41370548578065,False,0.2976185008883476
51,60,4.846795558929443,0.7825639573696976,0.9988489151000977,0.8032483660130719,226.25,81.10456481310496,False,0.39586273580789566
52,60,-0.3980398178100586,0.8945154635341427,0.999171257019043,0.9170823970037453,237.5,95.79313439220479,False,0.43610867857933044
53,60,-5.844875335693359,0.7261814908670092,0.9987986087799072,0.7401713886344055,318.0,85.2905723828478,False,0.26133260875940323
54,60,2.273740291595459,0.7184464181488839,0.999321460723877,0.7427617753623188,229.25,77.51804763987558,False,0.4755379557609558
55,60,-1.1639771461486816,0.7074709390031377,0.9985466003417969,0.7213894237321469,363.75,83.30287907713459,False,0.2576543465256691
56,60,9.37122917175293,0.1474158475548029,0.9964637756347656,0.194,48.5,61.90792400552998,False,0.9171569868922234
57,60,15.313092231750488,0.06089670062065125,0.9993853569030762,0.156,39.0,38.99904346241209,False,1.8996692895889282
58,60,93.56568908691406,0.4209444308864918,0.991729736328125,0.4329611633082168,463.25,78.08930091248419,False,0.16851112933363765
59,60,73.6694107055664,0.3037013496392725,0.9946365356445312,0.34457894736842104,172.0,37.57857221002014,False,0.7704068900784478
60,60,76.20975494384766,0.1801043915974517,0.9962310791015625,0.23400806451612904,151.0,30.416894754463645,False,1.050586275756359
